restaurant_name,menu_name,cloudinary_url
Amatissimo Caffe Summakorn (Amatissimo Caffe),Carrot Fig Cake & Cream Cheese Frosting,
Amatissimo Caffe Summakorn (Amatissimo Caffe),Eggs & Toast Bacon,
Amatissimo Caffe Summakorn (Amatissimo Caffe),Eggs & Toast Prosciutto Cotto,
Amatissimo Caffe Summakorn (Amatissimo Caffe),Eggs & Toast,
Amatissimo Caffe Summakorn (Amatissimo Caffe),Gateau Noir Pandan & Coconut,
Amatissimo Caffe Summakorn (Amatissimo Caffe),Ham & Cheese Croissant,
Amatissimo Caffe Summakorn (Amatissimo Caffe),Lemon & Brittany Cream Cheese,
Amatissimo Caffe Summakorn (Amatissimo Caffe),Olive Oil Lemon & Almond Cake,
Amatissimo Caffe Summakorn (Amatissimo Caffe),Strawberry & Brittany Cream Cheese,
Baimiang (ใบเมี่ยง) (ใบเมี่ยง),Chocolate & Mint Sandwich Cookies,
Baimiang (ใบเมี่ยง) (ใบเมี่ยง),Crispy Brownies Strawberry & Cashew,
Baimiang (ใบเมี่ยง) (ใบเมี่ยง),Matcha & Sprouted Sesame Cookies,
Chu Chocolate Bar & Cafe (ชู ชอค์โกแลตบาร์ แอนด์ คาเฟ่),Biscuit Sandwich,
Chu Chocolate Bar & Cafe (ชู ชอค์โกแลตบาร์ แอนด์ คาเฟ่),Fresh berries pancakes,
Cold Stone Creamery (โคลด์ สโตน ครีมเมอรี่),Cookies & Cream,
H CAFE & TEA (H CAFE & TEA),Americano อเมริกาโน่,
H CAFE & TEA (H CAFE & TEA),Apple Smoothie สมูทตี้ แอปเปิ้ล,
H CAFE & TEA (H CAFE & TEA),Apple Soda,
H CAFE & TEA (H CAFE & TEA),Blue Lemon Soda,
H CAFE & TEA (H CAFE & TEA),Butterfly Pea Cocoa Milk,
H CAFE & TEA (H CAFE & TEA),Butterfly Pea Coconut Thai Tea.,
H CAFE & TEA (H CAFE & TEA),Butterfly Pea Honey Lemon,
H CAFE & TEA (H CAFE & TEA),Butterfly Pea Lychee Soda,
H CAFE & TEA (H CAFE & TEA),Caramel Almond Donut,
H CAFE & TEA (H CAFE & TEA),Coconut Latte Shake ลาเต้มะพร้าวปั่น,
H CAFE & TEA (H CAFE & TEA),Custard Creme Brulee Donut,
H CAFE & TEA (H CAFE & TEA),Custard Pudding พุดดิ้งคัสตาร์ด,
H CAFE & TEA (H CAFE & TEA),Donuts,
H CAFE & TEA (H CAFE & TEA),Fresh Avocado Honey,
H CAFE & TEA (H CAFE & TEA),Hot Cappuccino,
H CAFE & TEA (H CAFE & TEA),Hot Caramel Macchiato,
H CAFE & TEA (H CAFE & TEA),Hot Latte,
H CAFE & TEA (H CAFE & TEA),Iced Cappuccino คาปูชิโน่ เย็น,
H CAFE & TEA (H CAFE & TEA),Iced Caramel Macchiato,
H CAFE & TEA (H CAFE & TEA),Iced Cocoa โกโก้เย็น,
H CAFE & TEA (H CAFE & TEA),Iced Espresso เอสเปรสโซ่เย็น,
H CAFE & TEA (H CAFE & TEA),Iced Latte ลาเต้เย็น,
H CAFE & TEA (H CAFE & TEA),IcedMocha มอคค่าเย็น,
H CAFE & TEA (H CAFE & TEA),Lemon Curd Donut,
H CAFE & TEA (H CAFE & TEA),Lemon Tea ชามะนาว,
H CAFE & TEA (H CAFE & TEA),Mango Smoothie สมูทตี้ ส้มมะม่วง,
H CAFE & TEA (H CAFE & TEA),Matcha Custard Cream Brulee Donut,
H CAFE & TEA (H CAFE & TEA),Matcha Latte,
H CAFE & TEA (H CAFE & TEA),Matcha Pudding พุดดิ้งมัทฉะ,
H CAFE & TEA (H CAFE & TEA),Smoothie Blueberry Banana,
H CAFE & TEA (H CAFE & TEA),Smoothie Mixed Berry Yogurt,
H CAFE & TEA (H CAFE & TEA),Taiwan Milk Tea With Brown Sugar Pearls,
H CAFE & TEA (H CAFE & TEA),Thai Tea ชาไทย,
H CAFE & TEA (H CAFE & TEA),เอสเปรสโซน้ำมะพร้าว,
Oishi Kitchen (โออิชิ คิทเช่น),ซูชิ & เอบิโกะ เบนโตะ,
PACAMARA (พาคามาร่า),Chicken & Fresh Mozzarella with Rosemary Focaccia,
PACAMARA (พาคามาร่า),Chicken Ham Cheese & Stuffing with Cranberry Sourdough,
PACAMARA (พาคามาร่า),Cookies&Cream Espresso Frappe,
PACAMARA (พาคามาร่า),Cookies&Cream Frappe,
PACAMARA (พาคามาร่า),Ham & Cheddar Cheese with English Muffin,
PACAMARA (พาคามาร่า),Smoked Ham & Cheddar Cheese with Croissant,
PACAMARA (พาคามาร่า),Tuna & Cheddar Cheese Panini Sandwich,
Pan Bagels (แพน เบเกิลส์),Bacon & Egg Crispy Sandwich,
Pan Bagels (แพน เบเกิลส์),Bacon & Egg Sandwich Toast,
Pan Bagels (แพน เบเกิลส์),Bagel & Cream Cheese,
Pan Bagels (แพน เบเกิลส์),"Classic Ham, Egg & Cheese Bagel",
Pan Bagels (แพน เบเกิลส์),Ham & Egg Crispy Sandwich,
Pan Bagels (แพน เบเกิลส์),Ham & Egg Sandwich Toast,
Pan Bagels (แพน เบเกิลส์),Latte & Bagel,
Pan Bagels (แพน เบเกิลส์),Smoked Chicken & Avocado Crispy Sandwich,
Pan Bagels (แพน เบเกิลส์),Smoked Salmon & Avocado Crispy Sandwich,
Peak Chocolate Passionist,ฮาเซลนัท & อัลมอนด์,
Pizza Hut (พิซซ่าฮัท),พิซซ่า ซีฟู้ด & ฮอกไกโด ชีส,
Pizza Hut (พิซซ่าฮัท),พิซซ่า นิวออร์ลีนส์ & ซอสเซจ,
Pizza Hut (พิซซ่าฮัท),พิซซ่า แฮม & ชีส,
Pizza Hut (พิซซ่าฮัท),พิซซ่าซีฟู้ด & ฮอกไกโด ชีส,
Pizza Hut (พิซซ่าฮัท),พิซซ่านิวออร์ลีนส์ & ซอสเซจ,
Pizza Hut (พิซซ่าฮัท),พิซซ่าเบคอน & ฮอกไกโด ชีส,
Pizza Hut (พิซซ่าฮัท),พิซซ่าแฮม & ชีส,
Starbucks (สตาร์บัคส์),Caramel Macchiato Popcorn & Pretzel,
Starbucks (สตาร์บัคส์),Chicken & Crispy Bacon Caesar Wrap,
Starbucks (สตาร์บัคส์),Fresh Mozzarella Tomato & Pesto,
Starbucks (สตาร์บัคส์),Iced Matcha & Espresso Fusion,
Starbucks (สตาร์บัคส์),Matcha & Espresso Fusion,
Starbucks (สตาร์บัคส์),Spring Onion & Cream Cheese Bagel,
Thong Grill Hide & Shabu (ทองกริลฮิเดะ หมูกระทะแอนด์ชาบู),Virgin Mojito,
Thong Grill Hide & Shabu (ทองกริลฮิเดะ หมูกระทะแอนด์ชาบู),กระเจี๊ยบย่าง,
Thong Grill Hide & Shabu (ทองกริลฮิเดะ หมูกระทะแอนด์ชาบู),กิมจิ,
Thong Grill Hide & Shabu (ทองกริลฮิเดะ หมูกระทะแอนด์ชาบู),กุ้งแม่น้ำเผา,
Thong Grill Hide & Shabu (ทองกริลฮิเดะ หมูกระทะแอนด์ชาบู),ข้าวผัดกระเทียม,
Thong Grill Hide & Shabu (ทองกริลฮิเดะ หมูกระทะแอนด์ชาบู),ชาข้าวคั่ว,
Thong Grill Hide & Shabu (ทองกริลฮิเดะ หมูกระทะแอนด์ชาบู),ชาเขียว,
Thong Grill Hide & Shabu (ทองกริลฮิเดะ หมูกระทะแอนด์ชาบู),ซาโมซ่า ไส้กล้วย,
Thong Grill Hide & Shabu (ทองกริลฮิเดะ หมูกระทะแอนด์ชาบู),ต้นหอมญี่ปุ่นย่าง,
Thong Grill Hide & Shabu (ทองกริลฮิเดะ หมูกระทะแอนด์ชาบู),ถั่วแระญี่ปุ่น,
Thong Grill Hide & Shabu (ทองกริลฮิเดะ หมูกระทะแอนด์ชาบู),น้ำมะลิ ใบเตย,
Thong Grill Hide & Shabu (ทองกริลฮิเดะ หมูกระทะแอนด์ชาบู),บลูฮาวาย โซดา,
Thong Grill Hide & Shabu (ทองกริลฮิเดะ หมูกระทะแอนด์ชาบู),บะหมี่หยก,
Thong Grill Hide & Shabu (ทองกริลฮิเดะ หมูกระทะแอนด์ชาบู),ปลาหมึกย่าง,
Thong Grill Hide & Shabu (ทองกริลฮิเดะ หมูกระทะแอนด์ชาบู),ปอเปี๊ยะทอด,
Thong Grill Hide & Shabu (ทองกริลฮิเดะ หมูกระทะแอนด์ชาบู),ปีกไก่ทอด,
Thong Grill Hide & Shabu (ทองกริลฮิเดะ หมูกระทะแอนด์ชาบู),มินิ คอกเทล ไส้กรอกไก่ ทอด,
Thong Grill Hide & Shabu (ทองกริลฮิเดะ หมูกระทะแอนด์ชาบู),ยากิโทริ (ไก่),
Thong Grill Hide & Shabu (ทองกริลฮิเดะ หมูกระทะแอนด์ชาบู),ยำทะเล,
Thong Grill Hide & Shabu (ทองกริลฮิเดะ หมูกระทะแอนด์ชาบู),ยำแซลมอน ฟู,
Thong Grill Hide & Shabu (ทองกริลฮิเดะ หมูกระทะแอนด์ชาบู),ยําแซลมอน,
Thong Grill Hide & Shabu (ทองกริลฮิเดะ หมูกระทะแอนด์ชาบู),ลาบหมู,
Thong Grill Hide & Shabu (ทองกริลฮิเดะ หมูกระทะแอนด์ชาบู),ลาบหมูทอด,
Thong Grill Hide & Shabu (ทองกริลฮิเดะ หมูกระทะแอนด์ชาบู),ลาบเนื้อ,
Thong Grill Hide & Shabu (ทองกริลฮิเดะ หมูกระทะแอนด์ชาบู),ลาบแซลมอน,
Thong Grill Hide & Shabu (ทองกริลฮิเดะ หมูกระทะแอนด์ชาบู),ลิ้นจี่ โซดา,
Thong Grill Hide & Shabu (ทองกริลฮิเดะ หมูกระทะแอนด์ชาบู),สตอเบอรี่ โซดา,
Thong Grill Hide & Shabu (ทองกริลฮิเดะ หมูกระทะแอนด์ชาบู),สลัดผัก สไตล์ญี่ปุ่น,
Thong Grill Hide & Shabu (ทองกริลฮิเดะ หมูกระทะแอนด์ชาบู),สลัดมันฝรั่ง,
Thong Grill Hide & Shabu (ทองกริลฮิเดะ หมูกระทะแอนด์ชาบู),ส้มตํา ปูปลาร้า,
Thong Grill Hide & Shabu (ทองกริลฮิเดะ หมูกระทะแอนด์ชาบู),หมูทอด,
Thong Grill Hide & Shabu (ทองกริลฮิเดะ หมูกระทะแอนด์ชาบู),หมูย่างฮิเดะ,
Thong Grill Hide & Shabu (ทองกริลฮิเดะ หมูกระทะแอนด์ชาบู),หมูสามชั้นทอด,
Thong Grill Hide & Shabu (ทองกริลฮิเดะ หมูกระทะแอนด์ชาบู),เฉาก๊วย,
Thong Grill Hide & Shabu (ทองกริลฮิเดะ หมูกระทะแอนด์ชาบู),เต้าหู้ญี่ปุ่น,
Thong Grill Hide & Shabu (ทองกริลฮิเดะ หมูกระทะแอนด์ชาบู),เต้าหู้เย็นสไตล์ญี่ปุ่น,
Thong Grill Hide & Shabu (ทองกริลฮิเดะ หมูกระทะแอนด์ชาบู),เนื้อย่าง ข้าวคั่ว,
Thong Grill Hide & Shabu (ทองกริลฮิเดะ หมูกระทะแอนด์ชาบู),เนื้อย่าง ซีอิ้วญี่ปุ่น,
Thong Grill Hide & Shabu (ทองกริลฮิเดะ หมูกระทะแอนด์ชาบู),เนื้อย่าง เกลือ,
Thong Grill Hide & Shabu (ทองกริลฮิเดะ หมูกระทะแอนด์ชาบู),เบคอนพันเห็ดเข็มทองย่าง,
Thong Grill Hide & Shabu (ทองกริลฮิเดะ หมูกระทะแอนด์ชาบู),เบคอนพันเห็ดไส้กรอก,
Thong Grill Hide & Shabu (ทองกริลฮิเดะ หมูกระทะแอนด์ชาบู),เฟรนช์ฟรายส์,
Thong Grill Hide & Shabu (ทองกริลฮิเดะ หมูกระทะแอนด์ชาบู),เมล่อน โซดา,
Thong Grill Hide & Shabu (ทองกริลฮิเดะ หมูกระทะแอนด์ชาบู),เหล้าบ๊วย,
Thong Grill Hide & Shabu (ทองกริลฮิเดะ หมูกระทะแอนด์ชาบู),เหล้าบ๊วยผสมโซดา,
Thong Grill Hide & Shabu (ทองกริลฮิเดะ หมูกระทะแอนด์ชาบู),เห็ดหอมย่าง,
Thong Grill Hide & Shabu (ทองกริลฮิเดะ หมูกระทะแอนด์ชาบู),เห็ดออรินจิย่าง,
Thong Grill Hide & Shabu (ทองกริลฮิเดะ หมูกระทะแอนด์ชาบู),เอส สีเขียว,
Thong Grill Hide & Shabu (ทองกริลฮิเดะ หมูกระทะแอนด์ชาบู),เอส ส้ม,
Thong Grill Hide & Shabu (ทองกริลฮิเดะ หมูกระทะแอนด์ชาบู),เอส โคล่า,
Thong Grill Hide & Shabu (ทองกริลฮิเดะ หมูกระทะแอนด์ชาบู),แซลมอนซาชิมิ,
Thong Grill Hide & Shabu (ทองกริลฮิเดะ หมูกระทะแอนด์ชาบู),แซลมอนดองซีอิ๊ว,
Thong Grill Hide & Shabu (ทองกริลฮิเดะ หมูกระทะแอนด์ชาบู),ไก่ทอด เกลือ,
Thong Grill Hide & Shabu (ทองกริลฮิเดะ หมูกระทะแอนด์ชาบู),ไข่หวาน ญี่ปุ่น,
Thong Grill Hide & Shabu (ทองกริลฮิเดะ หมูกระทะแอนด์ชาบู),ไอศกรีมกะทิรวมมิตร,
Thong Grill Hide & Shabu (ทองกริลฮิเดะ หมูกระทะแอนด์ชาบู),ไอศกรีมคอตตอนแคนดี้,
Thong Grill Hide & Shabu (ทองกริลฮิเดะ หมูกระทะแอนด์ชาบู),ไอศกรีมช็อกบอมบ์,
Thong Grill Hide & Shabu (ทองกริลฮิเดะ หมูกระทะแอนด์ชาบู),ไอศกรีมช็อคโกแลตมาเนีย,
Thong Grill Hide & Shabu (ทองกริลฮิเดะ หมูกระทะแอนด์ชาบู),ไอศกรีมซิมพลีวานิลลา,
Thong Grill Hide & Shabu (ทองกริลฮิเดะ หมูกระทะแอนด์ชาบู),ไอศกรีมบับเบิ้ลที,
Thong Grill Hide & Shabu (ทองกริลฮิเดะ หมูกระทะแอนด์ชาบู),ไอศกรีมมัทฉะกรีนที,
Thong Grill Hide & Shabu (ทองกริลฮิเดะ หมูกระทะแอนด์ชาบู),ไอศกรีมวานิลลาครีมชิพ,
Thong Grill Hide & Shabu (ทองกริลฮิเดะ หมูกระทะแอนด์ชาบู),ไอศกรีมสตรอเบอร์รี่สเวิร์ล,
Thong Grill Hide & Shabu (ทองกริลฮิเดะ หมูกระทะแอนด์ชาบู),ไอศกรีมฮอกไกโดมิลล์แอนด์ชิพ,
Thong Grill Hide & Shabu (ทองกริลฮิเดะ หมูกระทะแอนด์ชาบู),ไอศกรีมเชอร์เบทมะนาว,
Wanna Brew Coffee (วอนนาบรูวคอฟฟี่) - Coffee Everyday & Specialty Coffee,3 Brothers,
Wanna Brew Coffee (วอนนาบรูวคอฟฟี่) - Coffee Everyday & Specialty Coffee,Almond Croissant,
Wanna Brew Coffee (วอนนาบรูวคอฟฟี่) - Coffee Everyday & Specialty Coffee,Cha Dum Yen,
Wanna Brew Coffee (วอนนาบรูวคอฟฟี่) - Coffee Everyday & Specialty Coffee,Chicago Cheesecake,
Wanna Brew Coffee (วอนนาบรูวคอฟฟี่) - Coffee Everyday & Specialty Coffee,Choco Dump!,
Wanna Brew Coffee (วอนนาบรูวคอฟฟี่) - Coffee Everyday & Specialty Coffee,Chocolate Bun,
Wanna Brew Coffee (วอนนาบรูวคอฟฟี่) - Coffee Everyday & Specialty Coffee,Cocoa Latte Frappe,
Wanna Brew Coffee (วอนนาบรูวคอฟฟี่) - Coffee Everyday & Specialty Coffee,Cold Brew Coconut,
Wanna Brew Coffee (วอนนาบรูวคอฟฟี่) - Coffee Everyday & Specialty Coffee,Cold Brew Orange,
Wanna Brew Coffee (วอนนาบรูวคอฟฟี่) - Coffee Everyday & Specialty Coffee,Cream Cheese Garlic Bread,
Wanna Brew Coffee (วอนนาบรูวคอฟฟี่) - Coffee Everyday & Specialty Coffee,Es-Yen,
Wanna Brew Coffee (วอนนาบรูวคอฟฟี่) - Coffee Everyday & Specialty Coffee,Espresso Shot,
Wanna Brew Coffee (วอนนาบรูวคอฟฟี่) - Coffee Everyday & Specialty Coffee,Hot Black,
Wanna Brew Coffee (วอนนาบรูวคอฟฟี่) - Coffee Everyday & Specialty Coffee,Hot Cappuccino,
Wanna Brew Coffee (วอนนาบรูวคอฟฟี่) - Coffee Everyday & Specialty Coffee,Hot Clear Cocoa,
Wanna Brew Coffee (วอนนาบรูวคอฟฟี่) - Coffee Everyday & Specialty Coffee,Hot Clear Matcha,
Wanna Brew Coffee (วอนนาบรูวคอฟฟี่) - Coffee Everyday & Specialty Coffee,Hot Cocoa Latte,
Wanna Brew Coffee (วอนนาบรูวคอฟฟี่) - Coffee Everyday & Specialty Coffee,Hot Matcha Latte,
Wanna Brew Coffee (วอนนาบรูวคอฟฟี่) - Coffee Everyday & Specialty Coffee,Hot Mocha,
Wanna Brew Coffee (วอนนาบรูวคอฟฟี่) - Coffee Everyday & Specialty Coffee,Hot Salted Caramel,
Wanna Brew Coffee (วอนนาบรูวคอฟฟี่) - Coffee Everyday & Specialty Coffee,Hot White,
Wanna Brew Coffee (วอนนาบรูวคอฟฟี่) - Coffee Everyday & Specialty Coffee,Iced Black,
Wanna Brew Coffee (วอนนาบรูวคอฟฟี่) - Coffee Everyday & Specialty Coffee,Iced Cappuccino,
Wanna Brew Coffee (วอนนาบรูวคอฟฟี่) - Coffee Everyday & Specialty Coffee,Iced Clear Cocoa,
Wanna Brew Coffee (วอนนาบรูวคอฟฟี่) - Coffee Everyday & Specialty Coffee,Iced Clear Matcha,
Wanna Brew Coffee (วอนนาบรูวคอฟฟี่) - Coffee Everyday & Specialty Coffee,Iced Cocoa Latte,
Wanna Brew Coffee (วอนนาบรูวคอฟฟี่) - Coffee Everyday & Specialty Coffee,Iced Matcha Latte,
Wanna Brew Coffee (วอนนาบรูวคอฟฟี่) - Coffee Everyday & Specialty Coffee,Iced Mocha,
Wanna Brew Coffee (วอนนาบรูวคอฟฟี่) - Coffee Everyday & Specialty Coffee,Iced Salted Caramel,
Wanna Brew Coffee (วอนนาบรูวคอฟฟี่) - Coffee Everyday & Specialty Coffee,Iced White,
Wanna Brew Coffee (วอนนาบรูวคอฟฟี่) - Coffee Everyday & Specialty Coffee,Lemon Thai Tea,
Wanna Brew Coffee (วอนนาบรูวคอฟฟี่) - Coffee Everyday & Specialty Coffee,Macadamia Cheesecake,
Wanna Brew Coffee (วอนนาบรูวคอฟฟี่) - Coffee Everyday & Specialty Coffee,Matcha Latte Frappe,
Wanna Brew Coffee (วอนนาบรูวคอฟฟี่) - Coffee Everyday & Specialty Coffee,Mocha Frappe,
Wanna Brew Coffee (วอนนาบรูวคอฟฟี่) - Coffee Everyday & Specialty Coffee,Pain Au Raisin,
Wanna Brew Coffee (วอนนาบรูวคอฟฟี่) - Coffee Everyday & Specialty Coffee,Paradise,
Wanna Brew Coffee (วอนนาบรูวคอฟฟี่) - Coffee Everyday & Specialty Coffee,Pecan Cinnamon Brioche,
Wanna Brew Coffee (วอนนาบรูวคอฟฟี่) - Coffee Everyday & Specialty Coffee,Pistachio Banana Muffin,
Wanna Brew Coffee (วอนนาบรูวคอฟฟี่) - Coffee Everyday & Specialty Coffee,Plain Croissant,
Wanna Brew Coffee (วอนนาบรูวคอฟฟี่) - Coffee Everyday & Specialty Coffee,Salted Caramel Frappe,
Wanna Brew Coffee (วอนนาบรูวคอฟฟี่) - Coffee Everyday & Specialty Coffee,Thai Tea,
Wanna Brew Coffee (วอนนาบรูวคอฟฟี่) - Coffee Everyday & Specialty Coffee,Tripple Black,
Wanna Brew Coffee (วอนนาบรูวคอฟฟี่) - Coffee Everyday & Specialty Coffee,Tripple Es-Yen,
Wanna Brew Coffee (วอนนาบรูวคอฟฟี่) - Coffee Everyday & Specialty Coffee,Tripple White,
Wanna Brew Coffee (วอนนาบรูวคอฟฟี่) - Coffee Everyday & Specialty Coffee,Wake Up!,
Wanna Brew Coffee (วอนนาบรูวคอฟฟี่) - Coffee Everyday & Specialty Coffee,White Frappe,
Zanotti IL Ristorante Italiano (ซานนอตตี้อิล),Chilled veal loin sliced with caper & tuna sauce,
Zanotti IL Ristorante Italiano (ซานนอตตี้อิล),Deep fried mozzarella cheese & anchovies,
Zanotti IL Ristorante Italiano (ซานนอตตี้อิล),Penne with swordfish & eggplant in tomato sauce,
Zanotti IL Ristorante Italiano (ซานนอตตี้อิล),Potato & spinach gnocchi with 4 imported Italian cheese,
กินปังกัน - ชา กาแฟ นมสด & ขนมปังปิ้ง (GIN-PUNG-GUN),Caramel Macchiato,
กินปังกัน - ชา กาแฟ นมสด & ขนมปังปิ้ง (GIN-PUNG-GUN),Coco Cloudy Smoothies,
กินปังกัน - ชา กาแฟ นมสด & ขนมปังปิ้ง (GIN-PUNG-GUN),Coco Sunset Smoothies,
กินปังกัน - ชา กาแฟ นมสด & ขนมปังปิ้ง (GIN-PUNG-GUN),Iced Choco Oreo Milk,
กินปังกัน - ชา กาแฟ นมสด & ขนมปังปิ้ง (GIN-PUNG-GUN),Smoothie Coconut Cocoa Lava,
กินปังกัน - ชา กาแฟ นมสด & ขนมปังปิ้ง (GIN-PUNG-GUN),กล้วยนมสด,
กินปังกัน - ชา กาแฟ นมสด & ขนมปังปิ้ง (GIN-PUNG-GUN),กาแฟ - ชาเขียว,
กินปังกัน - ชา กาแฟ นมสด & ขนมปังปิ้ง (GIN-PUNG-GUN),กาแฟ - ชาไทย,
กินปังกัน - ชา กาแฟ นมสด & ขนมปังปิ้ง (GIN-PUNG-GUN),กาแฟ - สตอเบอรี่,
กินปังกัน - ชา กาแฟ นมสด & ขนมปังปิ้ง (GIN-PUNG-GUN),คาปูชิโน่,
กินปังกัน - ชา กาแฟ นมสด & ขนมปังปิ้ง (GIN-PUNG-GUN),ชานมไต้หวัน,
กินปังกัน - ชา กาแฟ นมสด & ขนมปังปิ้ง (GIN-PUNG-GUN),ชาเขียวนมสด,
กินปังกัน - ชา กาแฟ นมสด & ขนมปังปิ้ง (GIN-PUNG-GUN),ชาไทย คาราเมล,
กินปังกัน - ชา กาแฟ นมสด & ขนมปังปิ้ง (GIN-PUNG-GUN),ชาไทยนมสด,
กินปังกัน - ชา กาแฟ นมสด & ขนมปังปิ้ง (GIN-PUNG-GUN),ช็อคโกแลต,
กินปังกัน - ชา กาแฟ นมสด & ขนมปังปิ้ง (GIN-PUNG-GUN),นมชมพู,
กินปังกัน - ชา กาแฟ นมสด & ขนมปังปิ้ง (GIN-PUNG-GUN),นมสด,
กินปังกัน - ชา กาแฟ นมสด & ขนมปังปิ้ง (GIN-PUNG-GUN),นมสดน้ำผึ้ง,
กินปังกัน - ชา กาแฟ นมสด & ขนมปังปิ้ง (GIN-PUNG-GUN),น้ำบลูเลมอนปั่น (ไซรัป),
กินปังกัน - ชา กาแฟ นมสด & ขนมปังปิ้ง (GIN-PUNG-GUN),น้ำมะพร้าวสด,
กินปังกัน - ชา กาแฟ นมสด & ขนมปังปิ้ง (GIN-PUNG-GUN),น้ำสตอเบอรี่ปั่น (ไซรัป),
กินปังกัน - ชา กาแฟ นมสด & ขนมปังปิ้ง (GIN-PUNG-GUN),น้ำส้มคั้นสด,
กินปังกัน - ชา กาแฟ นมสด & ขนมปังปิ้ง (GIN-PUNG-GUN),น้ำแอปเปิ้ลปั่น (ไซรัป),
กินปังกัน - ชา กาแฟ นมสด & ขนมปังปิ้ง (GIN-PUNG-GUN),ปังปิ้งเนย และ โอริโอ้ครัมเบิ้ล และ ซอส,
กินปังกัน - ชา กาแฟ นมสด & ขนมปังปิ้ง (GIN-PUNG-GUN),ปังเนย และ นมข้นภูเขาไฟ,
กินปังกัน - ชา กาแฟ นมสด & ขนมปังปิ้ง (GIN-PUNG-GUN),ปังเนย และ โอริโอ้ และ ซอส,
กินปังกัน - ชา กาแฟ นมสด & ขนมปังปิ้ง (GIN-PUNG-GUN),ปังเย็นชาไทย,
กินปังกัน - ชา กาแฟ นมสด & ขนมปังปิ้ง (GIN-PUNG-GUN),ปังเย็นนมกล้วย,
กินปังกัน - ชา กาแฟ นมสด & ขนมปังปิ้ง (GIN-PUNG-GUN),ปังเย็นนมชมพู,
กินปังกัน - ชา กาแฟ นมสด & ขนมปังปิ้ง (GIN-PUNG-GUN),ปังเย็นนมสด,
กินปังกัน - ชา กาแฟ นมสด & ขนมปังปิ้ง (GIN-PUNG-GUN),ปังเย็นเผือกหอม,
กินปังกัน - ชา กาแฟ นมสด & ขนมปังปิ้ง (GIN-PUNG-GUN),ปังเย็นโกโก้,
กินปังกัน - ชา กาแฟ นมสด & ขนมปังปิ้ง (GIN-PUNG-GUN),ปังเย็นโอวัลติน,
กินปังกัน - ชา กาแฟ นมสด & ขนมปังปิ้ง (GIN-PUNG-GUN),มอคค่า,
กินปังกัน - ชา กาแฟ นมสด & ขนมปังปิ้ง (GIN-PUNG-GUN),มะพร้าวนมสดปั่น,
กินปังกัน - ชา กาแฟ นมสด & ขนมปังปิ้ง (GIN-PUNG-GUN),มะพร้าวบราวน์ชูก้าปั่น,
กินปังกัน - ชา กาแฟ นมสด & ขนมปังปิ้ง (GIN-PUNG-GUN),ลอดช่องวัดเจษปั่น,
กินปังกัน - ชา กาแฟ นมสด & ขนมปังปิ้ง (GIN-PUNG-GUN),ลาเต้,
กินปังกัน - ชา กาแฟ นมสด & ขนมปังปิ้ง (GIN-PUNG-GUN),สตรอว์เบอร์รีสมูทตี้,
กินปังกัน - ชา กาแฟ นมสด & ขนมปังปิ้ง (GIN-PUNG-GUN),เซตปังปิ้งเนย,
กินปังกัน - ชา กาแฟ นมสด & ขนมปังปิ้ง (GIN-PUNG-GUN),เผือกนมสด,
กินปังกัน - ชา กาแฟ นมสด & ขนมปังปิ้ง (GIN-PUNG-GUN),เอสเพรสโซ่,
กินปังกัน - ชา กาแฟ นมสด & ขนมปังปิ้ง (GIN-PUNG-GUN),โกโก้ - ชาไทย,
กินปังกัน - ชา กาแฟ นมสด & ขนมปังปิ้ง (GIN-PUNG-GUN),โกโก้ - นมชมพู,
กินปังกัน - ชา กาแฟ นมสด & ขนมปังปิ้ง (GIN-PUNG-GUN),โกโก้ - เผือกนมสด,
กินปังกัน - ชา กาแฟ นมสด & ขนมปังปิ้ง (GIN-PUNG-GUN),โกโก้นมสด,
กินปังกัน - ชา กาแฟ นมสด & ขนมปังปิ้ง (GIN-PUNG-GUN),โกโก้บราวน์ชูก้า,
กินปังกัน - ชา กาแฟ นมสด & ขนมปังปิ้ง (GIN-PUNG-GUN),โกโก้อาม่า,
กินปังกัน - ชา กาแฟ นมสด & ขนมปังปิ้ง (GIN-PUNG-GUN),โอวัลตินนมสด,
ข้าวผัดผงกะหรี่ไข่ข้น & ขนมจีนน้ำยาปู อ่อนนุช65,ข้านคลุกพริกเกลือ หมู-หมึก-กุ้ง,
ข้าวผัดผงกะหรี่ไข่ข้น & ขนมจีนน้ำยาปู อ่อนนุช65,ข้าวกุ้งขาวมันกุ้ง,
ข้าวผัดผงกะหรี่ไข่ข้น & ขนมจีนน้ำยาปู อ่อนนุช65,ข้าวกุ้งอบน้ำปลา,
ข้าวผัดผงกะหรี่ไข่ข้น & ขนมจีนน้ำยาปู อ่อนนุช65,ข้าวกุ้งแกะ,
ข้าวผัดผงกะหรี่ไข่ข้น & ขนมจีนน้ำยาปู อ่อนนุช65,ข้าวกุ้งไข่ต้มมันกุ้ง,
ข้าวผัดผงกะหรี่ไข่ข้น & ขนมจีนน้ำยาปู อ่อนนุช65,ข้าวคลุกพริกเกลือ หมู,
ข้าวผัดผงกะหรี่ไข่ข้น & ขนมจีนน้ำยาปู อ่อนนุช65,ข้าวปูไข่ข้นผงกะหรี่,
ข้าวผัดผงกะหรี่ไข่ข้น & ขนมจีนน้ำยาปู อ่อนนุช65,ข้าวผัดผงกะหรี่,
ข้าวผัดผงกะหรี่ไข่ข้น & ขนมจีนน้ำยาปู อ่อนนุช65,ข้าวยำกุ้ง,
ข้าวผัดผงกะหรี่ไข่ข้น & ขนมจีนน้ำยาปู อ่อนนุช65,ข้าวยำปลาเค็มไข่ต้ม (ปลาอินทรีย์),
ข้าวผัดผงกะหรี่ไข่ข้น & ขนมจีนน้ำยาปู อ่อนนุช65,ข้าวห่อหมกไข่ข้น,
ข้าวผัดผงกะหรี่ไข่ข้น & ขนมจีนน้ำยาปู อ่อนนุช65,ข้าวอบมันกุ้ง,
ข้าวผัดผงกะหรี่ไข่ข้น & ขนมจีนน้ำยาปู อ่อนนุช65,ข้าวไข่ดาว,
ข้าวผัดผงกะหรี่ไข่ข้น & ขนมจีนน้ำยาปู อ่อนนุช65,ข้าวไข่ต้ม,
ข้าวผัดผงกะหรี่ไข่ข้น & ขนมจีนน้ำยาปู อ่อนนุช65,ข้าวไข่ต้มมันกุ้ง,
ข้าวผัดผงกะหรี่ไข่ข้น & ขนมจีนน้ำยาปู อ่อนนุช65,น้ำยากะทิ,
ข้าวผัดผงกะหรี่ไข่ข้น & ขนมจีนน้ำยาปู อ่อนนุช65,น้ำยากะทิปูพริกแกงใต้,
ลูกเจ้สาย-ข้าวแกง&ข้าวตามสั่ง#ของทอด,ปลาดุกทอดผัดพริกแกง,
ลูกเจ้สาย-ข้าวแกง&ข้าวตามสั่ง#ของทอด,ยำปลากระป๋อง,
เช็งซิมอี๊ & โด่งดังบะหมี่ฮ่องกง,ข้าว หมูกรอบ,
เช็งซิมอี๊ & โด่งดังบะหมี่ฮ่องกง,ข้าว หมูย่าง,
เช็งซิมอี๊ & โด่งดังบะหมี่ฮ่องกง,ข้าวต้ม หมูสับ,
เช็งซิมอี๊ & โด่งดังบะหมี่ฮ่องกง,ข้าวต้มบะเต็ง,
เช็งซิมอี๊ & โด่งดังบะหมี่ฮ่องกง,ข้าวต้มหมูสับ,
เช็งซิมอี๊ & โด่งดังบะหมี่ฮ่องกง,ข้าวหมูกรอบ,
เช็งซิมอี๊ & โด่งดังบะหมี่ฮ่องกง,ข้าวหมูย่าง หมูกรอบ,
เช็งซิมอี๊ & โด่งดังบะหมี่ฮ่องกง,ข้าวหมูย่าง,
เช็งซิมอี๊ & โด่งดังบะหมี่ฮ่องกง,จั๊มบ๊ะ,
เช็งซิมอี๊ & โด่งดังบะหมี่ฮ่องกง,ซ่าหริ่มทิมพร้าว,
เช็งซิมอี๊ & โด่งดังบะหมี่ฮ่องกง,ต้มยำ,
เช็งซิมอี๊ & โด่งดังบะหมี่ฮ่องกง,ทิมพร้าวแห้ว,
เช็งซิมอี๊ & โด่งดังบะหมี่ฮ่องกง,น้ำมะตูม,
เช็งซิมอี๊ & โด่งดังบะหมี่ฮ่องกง,น้ำลำใย,
เช็งซิมอี๊ & โด่งดังบะหมี่ฮ่องกง,น้ำเก๊กฮวย,
เช็งซิมอี๊ & โด่งดังบะหมี่ฮ่องกง,น้ำโอเลี้ยง,
เช็งซิมอี๊ & โด่งดังบะหมี่ฮ่องกง,บะหมี่ ต้มยำ,
เช็งซิมอี๊ & โด่งดังบะหมี่ฮ่องกง,บะหมี่ บะเต็ง,
เช็งซิมอี๊ & โด่งดังบะหมี่ฮ่องกง,บะหมี่ ปู,
เช็งซิมอี๊ & โด่งดังบะหมี่ฮ่องกง,บะหมี่ ลูกชิ้นปลาน้ำใส,
เช็งซิมอี๊ & โด่งดังบะหมี่ฮ่องกง,บะหมี่ หมูกรอบ,
เช็งซิมอี๊ & โด่งดังบะหมี่ฮ่องกง,บะหมี่ หมูกรอบเกี๊ยวกุ้ง,
เช็งซิมอี๊ & โด่งดังบะหมี่ฮ่องกง,บะหมี่ หมูกรอบเกี๊ยวหมู,
เช็งซิมอี๊ & โด่งดังบะหมี่ฮ่องกง,บะหมี่ หมูย่าง,
เช็งซิมอี๊ & โด่งดังบะหมี่ฮ่องกง,บะหมี่ หมูย่างหมูกรอบ,
เช็งซิมอี๊ & โด่งดังบะหมี่ฮ่องกง,บะหมี่ หมูย่างหมูกรอบเกี๊ยวกุ้ง,
เช็งซิมอี๊ & โด่งดังบะหมี่ฮ่องกง,บะหมี่ หมูย่างหมูกรอบเกี๊ยวหมู,
เช็งซิมอี๊ & โด่งดังบะหมี่ฮ่องกง,บะหมี่ หมูย่างเกี๊ยวกุ้ง,
เช็งซิมอี๊ & โด่งดังบะหมี่ฮ่องกง,บะหมี่ หมูย่างเกี๊ยวหมู,
เช็งซิมอี๊ & โด่งดังบะหมี่ฮ่องกง,บะหมี่ เย็นตาโฟ,
เช็งซิมอี๊ & โด่งดังบะหมี่ฮ่องกง,บะหมี่บะเต็ง,
เช็งซิมอี๊ & โด่งดังบะหมี่ฮ่องกง,บะหมี่ปู หมูกรอบเกี๊ยวกุ้ง,
เช็งซิมอี๊ & โด่งดังบะหมี่ฮ่องกง,บะหมี่ปู หมูย่าง หมูกรอบเกี๊ยวกุ้ง,
เช็งซิมอี๊ & โด่งดังบะหมี่ฮ่องกง,บะหมี่ปู หมูย่างเกี๊ยวกุ้ง,
เช็งซิมอี๊ & โด่งดังบะหมี่ฮ่องกง,บะหมี่ปู,
เช็งซิมอี๊ & โด่งดังบะหมี่ฮ่องกง,บะหมี่หมูกรอบ,
เช็งซิมอี๊ & โด่งดังบะหมี่ฮ่องกง,บะหมี่หมูกรอบเกี๊ยวกุ้ง,
เช็งซิมอี๊ & โด่งดังบะหมี่ฮ่องกง,บะหมี่หมูกรอบเกี๊ยวหมู,
เช็งซิมอี๊ & โด่งดังบะหมี่ฮ่องกง,บะหมี่หมูย่าง,
เช็งซิมอี๊ & โด่งดังบะหมี่ฮ่องกง,บะหมี่หมูย่างปูเกี๊ยวกุ้ง,
เช็งซิมอี๊ & โด่งดังบะหมี่ฮ่องกง,บะหมี่หมูย่างหมูกรอบ,
เช็งซิมอี๊ & โด่งดังบะหมี่ฮ่องกง,บะหมี่หมูย่างหมูกรอบเกี๊ยวกุ้ง,
เช็งซิมอี๊ & โด่งดังบะหมี่ฮ่องกง,บะหมี่หมูย่างหมูกรอบเกี๊ยวหมู,
เช็งซิมอี๊ & โด่งดังบะหมี่ฮ่องกง,บะหมี่หมูย่างเกี๊ยวกุ้ง,
เช็งซิมอี๊ & โด่งดังบะหมี่ฮ่องกง,บะหมี่หมูย่างเกี๊ยวหมู,
เช็งซิมอี๊ & โด่งดังบะหมี่ฮ่องกง,บะหมี่เกี๊ยวกุ้งล้วนไม่ใส่หมูย่าง,
เช็งซิมอี๊ & โด่งดังบะหมี่ฮ่องกง,บัวลอยนมสด,
เช็งซิมอี๊ & โด่งดังบะหมี่ฮ่องกง,บัวลอยน้ำ,
เช็งซิมอี๊ & โด่งดังบะหมี่ฮ่องกง,บัวลอยแปะก๊วยนมสด,
เช็งซิมอี๊ & โด่งดังบะหมี่ฮ่องกง,บัวลอยแปะก๊วยน้ำขิง.,
เช็งซิมอี๊ & โด่งดังบะหมี่ฮ่องกง,ฟักเผือกมันมัน,
เช็งซิมอี๊ & โด่งดังบะหมี่ฮ่องกง,รวมมิตร,
เช็งซิมอี๊ & โด่งดังบะหมี่ฮ่องกง,ลอดช่องทรงเครื่อง,
เช็งซิมอี๊ & โด่งดังบะหมี่ฮ่องกง,ลูกชิ้นปลา น้ำใส,
เช็งซิมอี๊ & โด่งดังบะหมี่ฮ่องกง,ลูกชิ้นปลารวม ลวกจิ้ม,
เช็งซิมอี๊ & โด่งดังบะหมี่ฮ่องกง,ลูกชิ้นรวม ลวกจิ้ม,
เช็งซิมอี๊ & โด่งดังบะหมี่ฮ่องกง,วุ้นเส้น ต้มยำ,
เช็งซิมอี๊ & โด่งดังบะหมี่ฮ่องกง,วุ้นเส้น ลูกชิ้นปลาน้ำใส,
เช็งซิมอี๊ & โด่งดังบะหมี่ฮ่องกง,วุ้นเส้น เย็นตาโฟ,
เช็งซิมอี๊ & โด่งดังบะหมี่ฮ่องกง,สลิ่มมะพร้าว,
เช็งซิมอี๊ & โด่งดังบะหมี่ฮ่องกง,หมูกรอบ ซีฟู้ด,
เช็งซิมอี๊ & โด่งดังบะหมี่ฮ่องกง,หมูกรอบซีฟูด,
เช็งซิมอี๊ & โด่งดังบะหมี่ฮ่องกง,หมูรวม,
เช็งซิมอี๊ & โด่งดังบะหมี่ฮ่องกง,หมูแดงหมูกรอบรวม,
เช็งซิมอี๊ & โด่งดังบะหมี่ฮ่องกง,หริ่มทิมพร้าว,
เช็งซิมอี๊ & โด่งดังบะหมี่ฮ่องกง,ห้าขุนพล,
เช็งซิมอี๊ & โด่งดังบะหมี่ฮ่องกง,ห้านางฟ้า,
เช็งซิมอี๊ & โด่งดังบะหมี่ฮ่องกง,ฮองเฮา,
เช็งซิมอี๊ & โด่งดังบะหมี่ฮ่องกง,ฮ่องเต้,
เช็งซิมอี๊ & โด่งดังบะหมี่ฮ่องกง,เกาเหลา เย็นตาโฟ,
เช็งซิมอี๊ & โด่งดังบะหมี่ฮ่องกง,เกาเหลาลูกชิ้นปลา ต้มยำ,
เช็งซิมอี๊ & โด่งดังบะหมี่ฮ่องกง,เกาเหลาลูกชิ้นปลาน้ำใส,
เช็งซิมอี๊ & โด่งดังบะหมี่ฮ่องกง,เกี๊ยวกรอบแซ่บ,
เช็งซิมอี๊ & โด่งดังบะหมี่ฮ่องกง,เกี๊ยวกุ้ง หมูกรอบ,
เช็งซิมอี๊ & โด่งดังบะหมี่ฮ่องกง,เกี๊ยวกุ้ง หมูย่าง,
เช็งซิมอี๊ & โด่งดังบะหมี่ฮ่องกง,เกี๊ยวกุ้ง หมูย่างหมูกรอบ,
เช็งซิมอี๊ & โด่งดังบะหมี่ฮ่องกง,เกี๊ยวกุ้งกรอบ,
เช็งซิมอี๊ & โด่งดังบะหมี่ฮ่องกง,เกี๊ยวกุ้งหมูกรอบ,
เช็งซิมอี๊ & โด่งดังบะหมี่ฮ่องกง,เกี๊ยวกุ้งหมูย่าง ปู,
เช็งซิมอี๊ & โด่งดังบะหมี่ฮ่องกง,เกี๊ยวกุ้งหมูย่าง หมูกรอบ,
เช็งซิมอี๊ & โด่งดังบะหมี่ฮ่องกง,เกี๊ยวกุ้งหมูย่าง,
เช็งซิมอี๊ & โด่งดังบะหมี่ฮ่องกง,เกี๊ยวกุ้งแซ่บ.,
เช็งซิมอี๊ & โด่งดังบะหมี่ฮ่องกง,เกี๊ยวกุ้งแซ่บ,
เช็งซิมอี๊ & โด่งดังบะหมี่ฮ่องกง,เกี๊ยวทอด,
เช็งซิมอี๊ & โด่งดังบะหมี่ฮ่องกง,เกี๊ยวปลา ลวกจิ้ม,
เช็งซิมอี๊ & โด่งดังบะหมี่ฮ่องกง,เกี๊ยวปลาลวกจิ้ม,
เช็งซิมอี๊ & โด่งดังบะหมี่ฮ่องกง,เกี๊ยวหมู หมูกรอบ,
เช็งซิมอี๊ & โด่งดังบะหมี่ฮ่องกง,เกี๊ยวหมู หมูย่าง หมูกรอบ,
เช็งซิมอี๊ & โด่งดังบะหมี่ฮ่องกง,เกี๊ยวหมู หมูย่าง,
เช็งซิมอี๊ & โด่งดังบะหมี่ฮ่องกง,เกี๊ยวหมูหมูกรอบ,
เช็งซิมอี๊ & โด่งดังบะหมี่ฮ่องกง,เกี๊ยวหมูหมูย่าง หมูกรอบ,
เช็งซิมอี๊ & โด่งดังบะหมี่ฮ่องกง,เกี๊ยวหมูหมูย่าง,
เช็งซิมอี๊ & โด่งดังบะหมี่ฮ่องกง,เฉาก๊วย,
เช็งซิมอี๊ & โด่งดังบะหมี่ฮ่องกง,เฉาก๊วยนมสด,
เช็งซิมอี๊ & โด่งดังบะหมี่ฮ่องกง,เฉาก๊วยพาเพลิน,
เช็งซิมอี๊ & โด่งดังบะหมี่ฮ่องกง,เช็งซิมอี๊,
เช็งซิมอี๊ & โด่งดังบะหมี่ฮ่องกง,เช็งซิมอี๊หมี่หวาน,
เช็งซิมอี๊ & โด่งดังบะหมี่ฮ่องกง,เผือก พร้าว กล้วย,
เช็งซิมอี๊ & โด่งดังบะหมี่ฮ่องกง,เย็นตาโฟ,
เช็งซิมอี๊ & โด่งดังบะหมี่ฮ่องกง,เล้งแซ่บ,
เช็งซิมอี๊ & โด่งดังบะหมี่ฮ่องกง,เส้นหมี่ ลูกชิ้นปลาน้ำใส,
เช็งซิมอี๊ & โด่งดังบะหมี่ฮ่องกง,เส้นหมี่ เย็นตาโฟ,
เช็งซิมอี๊ & โด่งดังบะหมี่ฮ่องกง,เส้นหมี่ขาว ต้มยำ,
เช็งซิมอี๊ & โด่งดังบะหมี่ฮ่องกง,เส้นเล็ก ต้มยำ,
เช็งซิมอี๊ & โด่งดังบะหมี่ฮ่องกง,เส้นเล็ก ลูกชิ้นปลาน้ำใส,
เช็งซิมอี๊ & โด่งดังบะหมี่ฮ่องกง,เส้นเล็ก เย็นตาโฟ,
เช็งซิมอี๊ & โด่งดังบะหมี่ฮ่องกง,เส้นใหญ่ ต้มยำ,
เช็งซิมอี๊ & โด่งดังบะหมี่ฮ่องกง,เส้นใหญ่ ลูกชิ้นปลาน้ำใส,
เช็งซิมอี๊ & โด่งดังบะหมี่ฮ่องกง,เส้นใหญ่ เย็นตาโฟ,
เช็งซิมอี๊ & โด่งดังบะหมี่ฮ่องกง,แปะก๊วยนมสด,
เช็งซิมอี๊ & โด่งดังบะหมี่ฮ่องกง,แปะก๊วยน้ำขิง.,
เช็งซิมอี๊ & โด่งดังบะหมี่ฮ่องกง,แปะก๊วยพร้าวเผา,
เช็งซิมอี๊ & โด่งดังบะหมี่ฮ่องกง,แปะก๊วยพร้าวเผือก,
เช็งซิมอี๊ & โด่งดังบะหมี่ฮ่องกง,แปะพร้าวเผา,
เช็งซิมอี๊ & โด่งดังบะหมี่ฮ่องกง,โบ๊กเกี่ย,
เช็งซิมอี๊ & โด่งดังบะหมี่ฮ่องกง,โบ๊กเกี่ยวหมี่หวาน,
